{
    "type": "minecraft:crafting_shaped",
    "pattern": [
        " i ",
        "php",
        "ccc"
    ],
    "key": {
        "c": {
            "item": "minecraft:crying_obsidian"
        },
        "p": {
            "item": "minecraft:prismarine_crystals"
        },
        "h": {
            "item": "minecraft:heart_of_the_sea"
        },
        "i": {
            "item": "minecraft:glow_item_frame"
        }
    },
    "result": {
        "item": "knowledge_book",
        "count": 1
    }
}